"Alberich Escardívol, Montserrat (or Monserrat)",1912,1946
"Alvarez Coll, Miquelina",1934,1934
"Alvear Fernández, Luz de",1929,1972
"Anguera Llovera, Andrea Avelina",1916,1975
"Antón, Remedios Carmen",1925,1951
"Ara Sarradell, María",1932,p.1968
"Aranda, Pilar",1914,1973
"Arregui, Romana",1875,1944
"Arsalaguet Comas, María Rosa",1922,1944
"Bardasano, Juana Francisca de",1935-1937,1935-1937
"Bassas Carrera, Montserrat",1913,1944
"Bazo Cunchillos, Adela",1945,1945
"Bedós García-Ciaño, María Teresa",1907,1980
"Bonay, Federica",1877,1944
"Brockmann, Elena",1857-op.c.1895,1857-op.c.1895
"Casanova Puigserinall, Montserrat",1909,1952
"Castillo Nicolau, María Eulalia del",1925,1944
"Clar, Tina",1936,1951
"Clará, Arcisa",1894,1894
"Collis Ammirato, María",1951,1951
"Costa Pujol, Joaquima (or Joaquina)",1905,1951
"Davit, Susana (or Suzanne)",1899,1951
"Daza, Milagros (or Milagro)",1948-1951,1948-1951
"Delsors Mangrané, Manuela",1918,1948
"Fábregas Puig, Teresa",1901,1968
"Fargas, Montserrat",1904,1945
"Farrés Andrés, Teresa",1926,1978
"Fereal, Carlota",1901-1910,1901-1910
"Fernández de Guigo, Eva",1911,1951
"Ferres Puig, María",1878,1945
"Fiter de Sarriera, María",1914,1944
"Frau, Margarita",1898,1973
"Galí Mallofré, Gertrudis",1912,1979
"Gallego, Concha",1899,1899
"Gámez, Luisa",1882,1882
"Garay de Flórez, Elisa",1887,1887
"Garcés de Marcilla, Inés",1845-1846,1845-1846
"García Alsina, María",1894,1894
"García de Arredondo, Carmen",1895-1906,1895-1906
"García de Giner, Laura",1894-1901,1894-1901
"García de Giralt, María",1893-1898,1893-1898
"García de la Cruz, Encarnación",1895,1895
"García de Michelena, Amalia",1854-1856,1854-1856
"García Valenzuela, María Josefa",1912,1973
"García, Adela",1884-1901,1884-1901
"García, Carolina",1856-1864,1856-1864
"García, Josefa",1856-1864,1856-1864
"García, Juana",1856-1864,1856-1864
"Garrido y Agudo, María de la Soledad",1876-1878,1876-1878
"Gasset Ros, Lidia",1898,1898
"Gasull, María",1894,1894
"Gatuellas Ferrer, María",1920-1921,1920-1921
"Gil Sanz Arévalo, Teresa",1906,1906
"Gil, Catalina",1871,1871
"Gisbert, J.G.",1894,1894
"Gispert Sandoval, Elia",1898,1898
"Godoy, Elisa",1860-1879,1860-1879
"Gómez Astorga, Concepción",1892,1892
"Gómez Cotolí, María",1895-1908,1895-1908
"Gómez de la Cortina, Joaquina",1858,1858
"Gómez Montaner, Encarnació",1877,1924
"Gómez, Antonia",1860-1862,1860-1862
"Gómez, Guillermina",1927,1927
"Gonnella Griore, Adela",1898,1898
"Gonzalbo Murillo, Fe",1892,1892
"González Martínez, Concepción",1906-1908,1906-1908
"González Valls, Inés",1845-1846,1845-1846
"González Vilart, Angeles",1922,1922
"Gorgas de Martínez, Francesca (or Francisca)",1896-1898,1896-1898
"Gorgas, Aurora",1898,1898
"Gosch Boix, Mercè (or Mercedes)",1894,1894
"Gosé Galí, Dolors (or Dolores)",1898,1898
"Goyena, Manuela",1868,1868
"Grases, Eulalia",1926,1926
"Gresa Camps, Rosa",1894,1894
"Gumucio y Grinda, Josefa",1848-1856,1848-1856
"Gutiérrez Larraya, Aurora",1906,1920
"Gutiérrez, María de los Dolores",1858-doc.1861,1858-doc.1861
"Halcón, María de los Dolores",1868,1868
"Haro, Dolores de",1881-1882,1881-1882
"Hermoso, Filomena",1868,1868
"Hernández de Alba y Ferrer, Emilia",1887-1897,1887-1897
"Hernández de Terán, Olimpia",1884,1884
"Hernández, Filomena",1887,1887
"Herrera y Cores, Dolores",1858-1868,1858-1868
"Illing Trumpke, Eva",1918,1944
"Izquierdo, Elena",1878-1881,1878-1881
"Ladrón de Guevara, ?",1850,1850
"Laffite y Grande, Honorina",1906-1910,1906-1910
"Laiglesia de Gamero, Dolores",1878-1899,1878-1899
"Laiglesia, Amelia R. de",1899-1901,1899-1901
"Lamas y Cuadrado, Asunción",1868,1868
"Lambla, Fany",1876,1876
"Leigonier, Enriqueta",1858-1861,1858-1861
"Lengo, Clara",1881-1882,1881-1882
"Lerdo de Tejada, Mercedes",1858,1858
"Leza y Agort, Irene",1895,1895
"López Castrillo, Flora",1910-1912,1910-1912
"López del Baño y Diosdado, Josefa",1878,1878
"López Díaz, María",1908-1912,1908-1912
"López Fernández, Julia",1892,1892
"López González, Luisa",1895-1904,1895-1904
"López Salzillo, Emilia",1884-1890,1884-1890
"López San Román, Romana",1825,1825
"Lostau Espinet, Teresa",1911,1923
"Lozano Capellán de Casado, Mercedes",1897-1910,1897-1910
"Luna, Petra",1883,1883
"Madasín, Teresa",1876-1890,1876-1890
"Martí Sancho, Maria",1911,1951
"Matilla Alonso, Nicanora",1879-doc.1887,1879-doc.1887
"Maurer, Juana",1927,1927
"Mayor de González, Dolores",1879,1879
"Medina Castro, Elvira",1915,1951
"Medina, Antonia",1894,1894
"Menassade, Emilia (or Emile, or Emilie)",1860,1893
"Mendeville de Flórez, María",1882-1884,1882-1884
"Mexía y Sales, Casilda",1873-1887,1873-1887
"Milla, Josefa",1840-1843,1840-1843
"Millán Pérez, Milagros",1895,1895
"Mínguez Rico, Angela",1880,1950
"Miqueo Francés, María",1894-1898,1894-1898
"Mir Trinxet, Joana (or Juana)",1894,1894
"Mir, Rosa",1898,1898
"Mira, María",1916,1951
"Miranda, Inés",1883,1883
"Miret y González, Enriqueta",1876-1895,1876-1895
"Miró Amérigo, Concepció (or Concepción)",1882,1882
"Mogas Llupià, Rosa",1904,1944
"Monclar, María Teresa",1898,1922
"Montañés Criquillón, Alicia",1898,1898
"Montero Paullier, Paulina",1918,1918
"Montesinos y Espartero, Virginia",1882,1882
"Montilla Casal, Concepción",1910,1910
"Mora de Falcón, Leticia",1919,1919
"Moreno, María de la Luz",1839,1839
"Moreno, María de la Purificación",1871-1892,1871-1892
"Moreno, Victoria",1842,1842
"Morera Camps, Maria",1912,1912
"Munárriz, María Josefa",1832,1832
"Muñíz, Juana",1882-1884,1882-1884
"Muñoz Calixto, Dolors",1920,1920
"Muñoz de Cacho, Manuela",1860-1862,1860-1862
"Murguiro, Adela de",1887,1887
"Murillo y Bravo de Vela, Josefa",1860-1899,1860-1899
"Murillo, Encarnació",1904,1904
"Noguer, Josefina",1905,1905
"Noriega, María del Milagro",1876-1890,1876-1890
"Nostench de los Ríos, María Teresa",1868,1868
"Notario y Merino, María",1903-1910,1903-1910
"Nouvilas, Pilar",1878-1879,1878-1879
"Núñez y López, Trinidad",1876,1876
"O'Dena, Adelaida",1846-1849,1846-1849
"Oñate, Luisa",1887,1887
"Orozco de Folache, Josefa Elisa",1878,1878
"Ortega de Obregón, Agustina",1901,1901
"Ortiz López, Concepción",1906-1912,1906-1912
"Ovalle y Castañeda, María de",1881-1891,1881-1891
"Oviedo, Antonia",1879-doc.1894,1879-doc.1894
"Padró y Grané, Mercedes",1912-op.1929,1912-op.1929
"Palà Calvo, Joana (or Juana, or Juanita)",1911,1911
"Palacios, Amparo",1912,1951
"Palou, María Ana",1837,1837
"Panyó, María",1803,1803
"Paredes y Ramírez, Angelina",1879,1879
"Pareja, Amparo",1890,1890
"Parés Mundi, Marina",1910,1910
"Pascual de Bonanza, Belén",1882,1882
"Pastor y Vidal, Magdalena",1906,1906
"Pastor, Angeles",1875,1875
"Pastors, Manuela",1849,1849
"Pedro, Aurora de",1876-1884,1876-1884
"Pellicer Martí, Flora",1907,1907
"Pelufo, Matilde",1879,1879
"Penzato Plusquín, Margarita",1902,1956
"Perales, Amalia",1880,1880
"Pérez Alemán, Regina",1857,1888
"Pérez Ballester, Emilia",1922,1922
"Pérez de Gracia, María de los Dolores",1890-1906,1890-1906
"Pérez de la Rivera, Clotilde",1866,1866
"Pérez, María de la Concepción",1858,1858
"Pla, Teresa",1898,1898
"Planas, Pilar",1916,1972
"Planell Poletti, Montserrat",1898,1926
"Plenee, Llüisa (or Luisa) de",1894,1894
"Poleró y García, Consuelo",1897-1899,1897-1899
"Pomar Farriols, Paulina",1898,1898
"Pons Cavaller, María del Rosario (or Roser)",1907-1912,1907-1912
"Pons Iranzo, Elisabet (or Elisabeta)",1912,1975
"Portella Estrada, Pilar",1904-1911,1904-1911
"Pozas, Magdalena",1867-1868,1867-1868
"Prat Torres, Concepció (or Concepción, or Conxa)",1918-1920,1918-1920
"Prats de Presas, Maria dels Dolors (or María de los  Dolores)",1911-1926,1911-1926
"Prats Juani, Rosa",1919-1921,1919-1921
"Prats Petit, Teresa",1918,1918
"Puente, Concha de la",1892,1892
"Puig Cisa, Teresa",1917,1978
"Puig de Marqués, Rosa",1892,1892
"Puiggarí de Ulsamer, Julia",1873,1918
"Puiggener y Sánchez, María Luisa",1875,1921
"Puiggener, Lluïsa (or Luisa)",1907,1907
"Pujolar, Concepció",1928,1928
"Pulgar, Aurora",1839,1839
"Puñonrostro, Rosalía",1881,1881
"Querol Masats, Elisa de",1906-1908,1906-1908
"Quesada, María de la Concepción",1858,1858
"Rafael Sánchez, María",1901-1906,1901-1906
"Ramírez de Arellano, Adelaida (or Adela)",1862,1862
"Ramírez de Villaurrutia, Guadalupe",1844,1844
"Revenga, María",1901,1974
"Revilla, Teodora",1866,1866
"Riera, María",1804-op.1837,1804-op.1837
"Riera, Maria",1910-1911,1910-1911
"Risueño Rodrigo, Anna (or Agna)",1897,1923
"Riu Sanuy, Francisca",1910,1910
"Riva, Irene de la",1920,1920
"Roca, Dolors (or Dolores)",1928,1928
"Rocafull, Enriqueta",1879,1879
"Rodero y Gregory, Francisca",1897,1897
"Rodrigo y Medina, María Luisa",1887,1887
"Rodríguez de Rivera y Apezteguía, María",1890-1903,1890-1903
"Rodríguez de Toro, Luisa",1856-1860,1856-1860
"Rodríguez, Dolores",1875-1901,1875-1901
"Rodríguez, Elvira",1906,1906
"Rodríguez, María",1882-1901,1882-1901
"Romero de Robles Paro, Encarnación",1895,1895
"Romero Larrañaga, Esperanza",1876-1881,1876-1881
"Romero, Esperanza",1887,1887
"Rosselló Estela, Maria",1913,1944
"Rostán, Adriana",1819,1858
"Ruiz Martínez, Rosa",1908,1951
"Sánchez-Gavito y Perdomo, María Teresa",1918,1957
"Sans Jordi, Margarida (or Margarita)",1911,1976
"Serraviñals Furió, Josefa (or Josepa)",1899,1933
"Solanes, María Cinta",1917,1951
"Taylor, María A.",1858,1858
"Ugarte y Marraco, Josefa",1868,1868
"Vela Murillo, Consuelo",1887,1887
"Velarde, Condesa de",1884,1884
"Velasco Belausteguigoitia, Rosario",1910,1988
"Vidal Nolla, Teresa",1902,1952
"Vidiella Galindo, Ramona",1898-op.1908,1898-op.1908
"Villarroya, Emilia",1885-op.1902,1885-op.1902
"Vives, Carmen",1910,1960
"Yáñez de Santa Cruz, Marta",1871,1871
"Abadías de Santolarios, León",1842,1883
"Acevedo, José",1850-op.1905,1850-op.1905
"Acha, Juan Antonio de",1908,1951
"Adelantado, Fernando",1895-1901,1895-1901
"Agramunt, Agustín (or Augustin)",1906,1937
"Aguado García, Joaquín",1894,1930
"Aguado y Guerra, José",1892,1905
"Aguila Acosta, A[dolfo]",1858-op.1901,1858-op.1901
"Aguilar Casado, Antonio",1904-1909,1904-1909
"Aguilera Martí, José (or Josep)",1882,1944
"Aguiló Tosca, Ataulfo (or Ataülf)",1912,1944
"Alangua Puchet, Julián",1943-1950,1943-1950
"Alarcón Suárez, José",1871-1886,1871-1886
"Alarcón, Félix",1840,1911
"Alba y Massa, Eduardo de",1895,1900
"Alba y Rodríguez, Enrique de",1876-1882,1876-1882
"Albizu, Enrique",1927,1956
"Alcoverro y López, José",1899-1908,1899-1908
"Aldaz y Sancho, Juan",1885-1910,1885-1910
"Aleas Rodríguez, José",1895-1899,1895-1899
"Alemani Font, Trinidad",1894,1894
"Alexander, Enrique (or Enric)",1894,1894
"Alexandre, Alejandro",1925,1951
"Algueró Nicoli, Pedro",1897-1904,1897-1904
"Almagro López, Juan",1824,1824
"Almela Costa, José María (or Josep María)",1900,1980
"Almuni Gol, Francesc (or Francesco, or Francisco)",1903,1944
"Alonso, Angel",1871-op.a.1898,1871-op.a.1898
"Alonso, Mariano",1841,1841
"Alsina Cuxart, Lluís",1919-1936,1919-1936
"Alvarado de Rivas, Salvador",1893-1899,1893-1899
"Alvarez Algeciras, Germán",1871-1878,1871-1878
"Alvarez Armesto, Primitivo",1895-op.p.1905,1895-op.p.1905
"Alvarez Blanco, Rodrigo",1892-1895,1892-1895
"Alvarez de Estrada, Juan",1895,1951
"Alvarez Fernández, José",1876,1876
"Alvarez Muro, Miguel Angel",1927,1967
"Alvarez Ortega, Rafael",1927,1979
"Alvarez, Manuel Angel",1897,1897
"Amaré, Rafael",1901-1904,1901-1904
"Amat Virgili, José (or Josep)",1881,1944
"Amaya Guerrero, Gabino",1896,1951
"Amirato, Claudio",1951,1951
"Andrada, Francisco",1894,1951
"Anduiza y Saloña, Diódoro",1909,1951
"Angla Roca, Antonio (or Antoni)",1924,1980
"Anglés Cañe, Joaquim (or Joaquín)",1859,1899
"Angoloti, José María",1899,1899
"Ansa, Agustín",1909,1956
"Antonio Martínez, Pedro",1886,1946
"Aparici Solanich, Antonio (or Antoni)",1877-1897,1877-1897
"Aparicio, Lorenzo",1900,1971
"Apellániz Saez de Ybarra, Andrés",1928,1962
"Arasa, Ferran (or Fernando)",1905,1976
"Ardanaz, Pío",1881,1881
"Ardanuy Fernández, Josep Jordi",1914,1979
"Argimón Granell, Daniel",1929,1983
"Argüelles, Julio",1923,1982
"Argüello, Miguel Angel",1941,1973
"Arias Blanco, Salvador",1918,1918
"Ariño de Garay, Norberto",1921,1959
"Ariño, Pedro",1970,1970
"Aristizábal, Manuel",1904,1951
"Arnau, Ramón",1926,1951
"Arranz, Lorenzo",1940,1940
"Arregui, Carlos",1895,1895
"Arriba, Eugenio de",1957-1965,1957-1965
"Arronte, Aureliano",1927-1929,1927-1929
"Artís Tomás, Andreu Avelí (or Andreu Avelli)",1908,1979
"Astoy, Gustave",1893,1950?
"Atenza, Ramón",1876,1876
"Avendaño, Teodomiro",1871,1871
"Aventín Llanas, José María",1906,1944
"Badía Vidiella, Pere (or Pedro)",1889,1921
"Bagés Jané, Josep",1910,1979
"Bahamontes, José",1866-1897,1866-1897
"Balcells Balcells, Josep (or José)",1908,1977
"Banchs Burch, Joan (or Juan)",1905,1944
"Banda y Pineda, Eduardo",1882-1895,1882-1895
"Baqué Mercader, Isidro",1896,1944
"Barahona, José",1909,1951
"Barceló Albadalejo, José",1923,1983
"Barcelona Simón, Luis",1908,1951
"Barciela, José",1899,1899
"Barea, Gumersindo",1924,1924
"Bargués Asensio, Rafael",1907-1930,1907-1930
"Barragán Montemayor, Pedro",1916-1929,1916-1929
"Barrenechea Tubilla, José (or Josep)",1908,1948
"Barrera Díaz, Julio",1896,1940
"Barrios, Manuel",1871-1880,1871-1880
"Barruso, Epifanio",1924,1924
"Bartolí, Josep (or Joseph)",1910,1984
"Bassó Vila, Jacinto (or Jacint)",1894,1951
"Bastida y Fernández Espino, José de la",1897-1906,1897-1906
"Bayarri Ferricol, Arturo",1914,1951
"Bayo Bergalí, Antonio",1894,1944
"Bea Pelayo, Luis",1913-1951,1913-1951
"Bea Pons, Isidor (or Isidoro)",1911,1944
"Beautell Meléndez, Ernesto",1903,1951
"Belli, Benito (or Benet)",1870-op.1884,1870-op.1884
"Bellmunt Trafach, Jaume (or Jaime)",1910,1944
"Bellver e Iñigo, Mariano",1862-1864,1862-1864
"Bellver Ferriol, Manuel",1894,1894
"Benavent Santandreu, Joan (or Juan)",1903,1951
"Benedicto García, Manuel",1895,1950
"Bergé Larrosa, Josep (or José)",1904,1944
"Bermejo, Enrique",1871-doc.1872,1871-doc.1872
"Bermudo Mateos, José",1876-1929,1876-1929
"Bertodano, Luis",1895-1908,1895-1908
"Beut Lluch, Luis",1873,1910
"Bienabe Artía, Bernardino",1899,1975
"Blanco Castro, Aurelio",1916,1957
"Blasco Pastor, Arcadio (or Arcadi)",1928,1991
"Blasco, Esteban",1878-1881,1878-1881
"Blesa y Prats, Luis (or Lluís)",1896-op.1920,1896-op.1920
"Boada Matas, Casimiro (or Casimir)",1888,1949
"Boada Mercader, Pablo (or Pau)",1910,1951
"Boix-Vives, Anselmo (or Anselme)",1899,1966
"Bonet Serrat, Laureano (or Laureà)",1898,1936
"Bonnín Guerín, Francisco",1874,1951
"Borbera, Juan",1927,1951
"Borrás Casanova, Joan (or Juan)",1895,1938?
"Borrás Solana, José",1897,1897
"Borrell Vidal, Félix (or Feliu)",1875,1917
"Bosch Puigvert, Ramón",1905,1944
"Bosch Sanans, Germà (or Germán)",1904,1949
"Bosch Tubau, Florencì (or Florencio)",1899,1951
"Bricio Delgado, Félix",1880-1881,1880-1881
"Brito, Manuel",1916,1951
"Brugarolas Serrador, Antoni (or Antonio)",1869,1944
"Bruno, José",1916,1951
"Buendía y Beltrán, Pablo",1897-1899,1897-1899
"Buj, Benjamín",1924,1924
"Buró, Carlos",1929,1982
"Caballe, Antonio",1915,1951
"Caballero y Villarroel, José",1842,1901
"Cabanas Oteiza, Angel",1910-1931,1910-1931
"Cabané Manauta, Joaquim (or Joaquín)",1922,p.1968
"Cabanzón Hernández, Francisco",1884,1926
"Cabases Muñoz, Antonio",1900,1944
"Cabirol Sendrós, Joan (or Juan) de",1916,1948
"Cabral Aguado Bejarano, Rafael",1837,1858
"Cabral y Llano, Enrique",1879-op.1888,1879-op.1888
"Cabrera, Rubén",1951,1951
"Cabrinety Guiteres, Juan (or Joan)",1865,1896
"Cacicedo Canales, Manuel",1909,1978
"Calderón, Fernando",1928,1976
"Camós Cabruja, Luis (or Lluís)",1892,1944
"Campo Sobrino, Fernando",1886,1920
"Camps Ribera, Francesc (or Francisco)",1895,1982
"Cañada Valle, Alejandro",1908,1951
"Canalias, José",1904-1912,1904-1912
"Cañaveral y Pérez, Enrique",1881,1881
"Cantó y Mas, Juan (or Joan)",1877,1877
"Canut Soler, Carles (or Carlos)",1899,1944
"Capmany Montaner, Ramon",1899,1961
"Caprotti, Oscar",1933,1951
"Capuleto, Francisco",1926,1978
"Carbona Balaguer, María Angeles (or Maria dels Angels)",1912,1944
"Cardellà Crusells, Joan (or Juan)",1900,1978
"Cárdenas, Juan Ignacio de",1928,1989
"Caro Herrera, Antonio",1894-1899,1894-1899
"Carrasco Díaz, Francisco",1943,1943
"Carrasco, Vicente",1908-1910,1908-1910
"Carreño, Emilio Julio",1930,1951
"Carreras Martí, Joaquim (or Joaquín)",1904,1944
"Carreras Obrador, Josep (or José)",1900,1944
"Carretero Gomis, Josep",1905,1952
"Carrión Valverde, Antonio",1862,1862
"Casals Grau, Vicenç (or Vicente)",1916,1951
"Casals Maynou, Juli (or Julio)",1904,1950
"Casán Matamala, Josep (or José)",1873,1907
"Casas Devesa, Joan (or Juan)",1912,1946
"Casenave y Pérez, José",1892-1895,1892-1895
"Cases Capó, José (or Josep)",1906,1975
"Castañer, Ramón",1929,1951
"Castaño Guerrero, Miguel",1881-1882,1881-1882
"Castaños Agáñez, Manuel",1857,1910
"Castaños Oller, Rodrigo",1883,1914
"Castedo, Julián",1899,1938
"Castelló y González del Campo, Antonio",1845-1855,1845-1855
"Castillo Olivares, Pedro del",1922,1974
"Castillo, Aurelio del",1927,1927
"Castillo, Jorge",1933,1992
"Castro Cires, Raimundo",1894,1929
"Castro Llamas, José",1923,1951
"Castro, Carlos",1864,1864
"Causarás Casaña, Ricardo",1875,1929
"Causarás Tarazona, Lluís (or Luis)",1902,1944
"Cebrián, Gregorio",1899,1951
"Celis Gutiérrez, Agustín de",1932,1990
"Cerveto Riba, Ricard (or Ricardo)",1882,1944
"Chamorro Aguilar, Joaquín",1914,1964
"Chicharro Gamo, José",1897,1926
"Chico, José Manuel",1916,1989
"Chicote, Victoriano",1901-1904,1901-1904
"Chillida, Eduardo",1924,1992
"Choquet, Luciano",1832,1862
"Ciria, Javier",1904,1972
"Clapera Argelaguer, Pere (or Pedro)",1906,1953
"Claramunt Poch, Salvador",1896,1944
"Claret, Joan (or Juan)",1929,1976
"Clavo Gil, Vicente",1923,1972
"Climent Mata, Francisco (or Francesc)",1895,1951
"Cobos Linderman, Josep (or José)",1899,1944
"Codina Sert, Ginés (or Genís)",1860,1900
"Colinas Quirós, Ceferino",1901,1930
"Coll Gispert, Marcos",1915,1915
"Coll Salieti, Joaquim (or Joaquín)",1898-1918,1898-1918
"Collar, Antonio",1905,1968
"Colomer Rovira, Trinitat (or Trinidad)",1920,1944
"Comallonga Palau, Lluís (or Luis)",1909,1944
"Comas Ortega, Pedro",1902,1944
"Conill Orriols, Jacint (or Jacinto)",1914,1976
"Conradi, Miguel Angel",1899,1978
"Corberó Trepat, Valeri (or Valerio)",1908,1977
"Corbi, Juan",1924,1924
"Corchón, José María",1864,1864
"Cordón Bonet, Faustino",1909,1951
"Corominas Casanovas, Joan",1918-1920,1918-1920
"Corona Gómez Gamero, Elías",1908,1908
"Corro, Cecilio",1834-op.1866,1834-op.1866
"Cortellini y Sánchez, Angel",1881-1892,1881-1892
"Cortés Bau, José",1872-1879,1872-1879
"Cortés Echanove, Javier",1890,1982
"Cortés Moreno, Rafael",1917-1930,1917-1930
"Cortés Pérez, Daniel",1900-1901,1900-1901
"Cortés y Cordero, Eduardo",1870,1903
"Cossío Villalobos, José",1951,1951
"Costa Solé, Josep (or José)",1913,1944
"Cotter, Emilio",1899-1901,1899-1901
"Crespo y Villanueva, Manuel",1890-1897,1890-1897
"Crespo, Esteban",1918,1951
"Cristòfol, Leandre (or Leandro)",1908,1990
"Cuadra Jiménez, Cipriano",1895-1901,1895-1901
"Cuadra, Fernando de la",1895,1895
"Cuartielles, R.",1885,1885
"Cubas Martín, José",1920,1953
"Cuéllar Sánchez, José",1913,1947
"Cuervo y Heras, Aquilino",1892-1904,1892-1904
"Curet Paretas, Llorenç (or Lorenzo)",1906,1944
"Davalillo Artigas, Carmel (or Carmelo)",1898,1967
"Davo Rodríguez, Juan",1898,1951
"Delgado, Pedro",1881,1881
"Díaz Alberro, Joaquín",1896,1941
"Díaz Bueno, José",1892,1951
"Díaz Domínguez, Angel",1881,1942
"Díaz Méndez, José Clemente",1941,1941
"Díaz Pardo, Isaac",1920,1977
"Díaz y González, Vicente",1895,1941
"Díaz y Sánchez, Angel",1859,1904
"Díez Penades, José",1897-1901,1897-1901
"Domecq González, Manuel Jesús",1912,1951
"Domingo, Benet",1949,1949
"Domínguez Meunier, Manuel",1878-1900,1878-1900
"Dorado, Manuel",1907,1951
"Duque, Manuel",1919,1972
"Durand, Robert",1920,1920
"Echeandía, Julio",1899-1900,1899-1900
"Escolá, Salvador",1850,1881
"Escribá García, Casimiro",1931-1935,1931-1935
"Escuder Ferrer, Manuel",1875,1944
"Escudero, Francisco",1871,1909
"Espinós, José",1917,1964
"Esteban y Lozano, Víctor",1856-1884,1856-1884
"Esteve y Vilella, José",1766,1796
"Fabré Bertrand, Jordi (or Jorge)",1911,1977
"Fàbregas Ferrando, Josep Maria (or José María)",1908,1983
"Feito López, Luis",1929,1991
"Felices, Alfredo",1904,1951
"Fernández Albalat, Andrés",1924,1951
"Fernández Barrio, Jesús",1921,1979
"Fernández Cuervo, Andrés",1896,1975
"Fernández Curro, Antonio",1908,1951
"Fernández del Castillo, José Sixto",1926,1951
"Fernández Hidalgo, Eulalio",1906,1906
"Fernández Marrero, Antonio",1902/1903,1927
"Fernández Martínez, Rafael",1951-1962,1951-1962
"Fernández Núñez, Rodrigo",1899-1904,1899-1904
"Fernández Palazuelos, Joaquín",1925,1951
"Fernández Pasajes, José Luis",1917,1944
"Fernández Torrado, Félix",1916,1951
"Fernández y Rodríguez, Silvio",1850,1912
"Fernández, Nicolás",1951,1951
"Ferrándiz Llopis, Tomás",1914,1967
"Ferré Ferré, Ramón",1908,1958
"Ferré Revascall, Josep (or José)",1908,1988
"Ferrer Calatayud, Salvador",1895-1896,1895-1896
"Ferrer Carbonell, Juan",1892,1977
"Ferrer Comas, Eduardo (or Eduard)",1892,1944
"Ferrer Matas, Santiago",1907-1929,1907-1929
"Ferrer, Vicente",1850,1876
"Fina Fernández, Guillem",1910,1955
"Fló Guitart, Eduardo (or Eduard)",1881,1944
"Flores Ibáñez, Eduardo",1871-1889,1871-1889
"Flores, Maravillas",1905,1951
"Florido Berruelo, Enrique",1887,1887
"Fonseca y López de Vinuesa, Fernando",1890,1890
"Fonts Nogués, Andreu (or Andrés)",1898,1974
"Fornells-Pla, Francesc (or Francisco)",1921,1981
"Franco Cordero, José",1878-1892,1878-1892
"Frau, Josep",1887,1921
"Freixas Vivó, Amadeu",1950-1976,1950-1976
"Freixes Saurí, Joaquim (or Joaquín)",1880,1942
"Fresno y Arroyo, Anselmo del",1916,1916
"Fresquet, Guillem (or Guillermo)",1914,1990
"Fuente y Almazán, Luis (or Louis) de la",1850,1881
"Fuentes y Redondo, Ubaldo",1892-1915,1892-1915
"Fuentes, Juan",1924,1924
"Furió, Ernesto",1902,1982
"Gallardo, Luis",1905,1938
"Gallego y Alvarez, Domingo",1817,1878
"Gálvez Roig, José",1905,1951
"Gàndara Bonnín, Manuel",1902,1946
"García Bustamante, Luis",1900,1969
"García de la Cal, Francisco",1881,1899
"García del Corral, Federico (or Frederik)",1877-1887,1877-1887
"García Díaz, Angel",1873,1911
"García Espínola, Ramón",1871,1899
"García González, Manuel",1879,1926
"García Lema, Pedro",1906,1980
"García López, Antonio",1884-1899,1884-1899
"García Martínez, Emilio",1875,1957
"García Morales, Antonio",1910,1957
"García Oliver, Luis (or Lluís)",1907,1951
"García Ortiz, Francisco Javier",1891,1951
"García Patiño, Mariano",1915,1957
"García Salazar, Miguel",1898-1901,1898-1901
"García Sampedro, Luis",1892-1926,1892-1926
"García Terán, Manuel",1909,1951
"García Urturi, Felipe",1889,1951
"García y Alcázar, Lino",1856-1887,1856-1887
"García y Díaz, Domingo",1855-1881,1855-1881
"García y García, Juan José",1893,1930
"García y González del Valle, Agustín",1892-1899,1892-1899
"García, Juan",1879-1882,1879-1882
"Gargallo Guerrero, José",1904,1947
"Garrell Soto, Amador",1917,1990
"Garza, Ciriaco de la",1890-1912,1890-1912
"Gasch, Luis",1881-1887,1881-1887
"Gasis, Pedro",1870,1892
"Gibert Roig, Pau (or Pablo)",1853,1892
"Gil Bergasa, Justino",1890,1919
"Gil Sala, Ignasi (or Ignacio)",1913,1990
"Giménez Fernández de la Rosa, Magdalena",1871,1951
"Giménez Giménez, Joan (or Juan)",1912,1945
"Giménez Valls, Francesc (or Francisco)",1904,1944
"Giner y Vidal, Vicente",1858,1897
"Ginjaume Lacampre, María",1907,1907
"Giralt, Augustín",1878,1878
"Gomà Boronat, Ferran (or Fernando)",1906,1977
"Gómez Gimeno, Ricardo",1892,1951
"Gómez Martín, Eduardo",1897,1897
"Gómez Plasent, Vicente",1881-1888,1881-1888
"Gómez-Acebo Vázquez, Javier",1902,1972
"González Billón, José",1895-1927,1895-1927
"González Bolívar, Pedro",1874-doc.1902,1874-doc.1902
"González Cardemio, José",1927,1927
"González Correa, Eduardo",1927,1927
"González Esmenota, Manuel",1881,1897
"González Gallego, Antonio",1908-op.1924,1908-op.1924
"González Ibaseta, Joaquín",1884,1925
"González Moreno, Juan",1908,1989
"González Olóriz, Luis",1914,1951
"González Prieto, Fermín",1900,1986
"González y Fernández, Victorino",1855,1906
"Gorostiza Gongueta, Juan",1897,1970
"Goussef, Victor (or Viktor) Kallinik",1893,1950
"Grajera, Leopoldo",1919,1951
"Graner y Viñuelas, Antonio",1876-1904,1876-1904
"Guardiola Torregrosa, Josep (or José)",1904,1983
"Guerrero Carmona, Rafael",1882-[doc.1884,1882-[doc.1884
"Gutiérrez Rivera, Francisco",1892-op.1899,1892-op.1899
"Guzmán, Jorge",1915,1951
"Guzmán, Juan Bautista",1876-op.1895,1876-op.1895
"Haza y Astier, José de la",1875,1906
"Hernández, Amado",1905/1906,1927
"Herreros de Tejada, Luis",1867,1890
"Hoyo y González, Jose María del",1910-1926,1910-1926
"Huarte Mendicoa y Marín, Vicente",1910,1910
"Hurtado y Corral, Carlos",1871-1899,1871-1899
"Hurtado, Vicente",1868,1868
"Ibáñez Belda, Martín",1892-1895,1892-1895
"Ibáñez Flórez, Eduardo",1871-1889,1871-1889
"Ibáñez García de Lara, Vicente",1886,1932
"Iglesias Recio, Manuel",1904-1908,1904-1908
"Iniesta Soto, Pedro",1880-1922,1880-1922
"Isern Solé, Ramon",1914,1954
"Izquierdo Cid, Carlos",1891,1944
"Izquierdo, Vicente",1858-1884,1858-1884
"Jansana de Anzizu, Josep Oriol (or José Oriol)",1913,1974
"Jener Carreras, Eduard (or Eduardo)",1882,1944
"Jiménez Fernández, Federico",1841,1895
"Jiménez Pez, Marino",1878,1878
"Jiménez, Antonio",1930-1932,1930-1932
"Jiménez, Guillermo",1878,1878
"Jiménez, Juan Miguel",1927,1927
"Juliá Entraigues, Rafael",1873-1897,1873-1897
"Juliá Ventura, Francesc (or Francisco)",1900,1980
"Juliá y Carrere, Luis",1864,1908
"Kaperotxipi, Mauricio Flores",1901,1991
"Lafuente, Ramiro",1884,1884
"Laguardia, Jorge",1880-1882,1880-1882
"Lagunas, Santiago",1912,1993
"Lambla, Julio",1871-1873,1871-1873
"Lantada Bucy, Jesús",1920-1926,1920-1926
"Lara y García, Eustasio",1892,1892
"Larmig, Luis",1887-1897,1887-1897
"Larrauri Marquínez, José Mateo",1885,1924
"Leemans Dobbeleere, Jean Humbert",1913,1984
"Legua Ibáñez, Francisco",1887,1926
"Lema y Rozones, Manuel de",1878,1878
"León Callejas, Vicente",1906,1906
"Les Bustamante, Santiago de",1897,1951
"Linde, Paulino de la",1837,1862
"Llavata Machinant, Luis",1911,1951
"Lleó e Ibars, Trino",1901,1901
"Lleonart, Benito",1860,1890
"Llobet Banús, Tomás",1900,1923
"Llongarriu, Salvador",1869,1917
"Llor Casanovas, Joan (or Juan)",1919,1944
"Longoria y Leal, Manuel",1890-1895,1890-1895
"López de Montenegro y Tejada, Antonio",1900,1957
"López Fernández, Rogelio",1880,1927
"López Rubio, Francisco",1915-1933,1915-1933
"López Ruiz, Manuel",1872,1951
"López-Roberts y Muguiro, María de los Angeles",1920-1963,1920-1963
"Lorda, José María",1911,1951
"Lorenzo Solís, José de",1916,1976
"Lozano Sanchís, Francisco",1912,1993
"Lozano y Rodríguez, Eduardo",1887-1927,1887-1927
"Ludeña, Angel Lucio",1862-1866,1862-1866
"Madrid Roberts, Roberto",1902,1944
"Maicas Puigardeu, Vicenç (or Vicente)",1910,1950
"Malla, Gaudencio",1901,1901
"Mallafré Guasch, Lluís (or Luis)",1896,1979
"Mandilego, Matías",1919,1984
"Manresa, José María",1874-1884,1874-1884
"Manzanet, Ricardo",1888,1888
"Marced Furió, José",1896,1926
"Marco Ferrer, Ernesto (or Ernest)",1911,1983
"Marín López, Diego",1890,1890
"Marín Ramos, Eustaquio",1873,1917
"Marinel.lo Capdevila, Antoni",1901,1984
"Marinel.lo Capdevila, Ramon",1911,1994
"Marqués Castellar, Antoní (or Antonio)",1915,1951
"Martí Caballero, Ramon",1915,1983
"Martí Jordana, Josep Maria",1912,1946
"Martín Bueno, Joaquín",1913,1951
"Martín González, Julio",1909,1941
"Martín González, Manuel",1905,1951
"Martín Laurel, Eugenio",1897-1901,1897-1901
"Martín, Enrique",1856-[doc.1884,1856-[doc.1884
"Martínez Almeida, Carlos",1908,1951
"Martínez Andrés, Antonio",1945,1945
"Martínez Cabezas, Arturo",1899,1950
"Martínez Díaz, Rafael",1915,1977
"Martínez Jerez, Miguel",1899,1928
"Martínez Penella, Antonio",1917,1948
"Martínez Salamanca, Lázaro",1910,1944
"Martínez Sierra, Benito Jesús",1897-1901,1897-1901
"Martínez y Vargas Machuca, Luis",1895,1928
"Martos Ortiz, Rufino",1912,1944
"Mas Mas, Ramon",1911,1983
"Mas y Carrasco, Francisco",1884-1895,1884-1895
"Maspóns Ortega, Alejandro",1915,1944
"Matia Pascual, Juan",1901,1951
"Matoses Català, Consuelo",1911,1944
"Matute Parga, Benigno",1897-1899,1897-1899
"Mayol Treserra, Lluís",1918,1946
"Mazuelos, José Luis",1911,1951
"Medina Castro, José Luis",1909,1988
"Meifrén Pajarín, Javier",1898,1944
"Meléndez y Conejo, Gerardo",1856,1876
"Mellado, Federico",1913,1951
"Méndez, Sebastián",1909,1951
"Mensa Salas, Manuel (or Manel)",1875,1929
"Mercar, Antonio",1788,1808
"Merenciano Puchol, Francisco",1883,1934
"Merino Martínez, Antonio",1903,1951
"Millà Rigol, Angel",1919,1982
"Millán Ferriz, Emilio",1871,1959
"Millán, Francisco",1773,1804
"Millán, Francisco",1778,1837
"Millas, Isidoro (or Isidro)",1897-1899,1897-1899
"Mingo López, Carlos",1891,1924
"Mingorance Navas, Juan Eugenio",1906,1987
"Mirabent Soler, Antonio",1873,1898
"Miralles Darmanin, José (or Josep)",1851,1912
"Miralles Gacia, Nicolás",1911,1948
"Miranda, Rogelio",1910,1910
"Miret Aleu, Josep (or José)",1912,1945
"Modolell Lluch, Francesc Xavier",1917,1960s
"Modolell Marqués, Enric (or Enrique)",1901,1967
"Molina Sánchez, José Antonio",1918,1985
"Molina Torres, Antonio",1895,1944
"Moncada Calvache, José",1895,1944
"Monero, Luis",1899,1899
"Monrós Julià, Alfred  (or Alfredo)",1900,p.1948
"Monsalve Caruz, Ramón",1941,1941
"Montané Mollfulleda, Lluís",1905,1986
"Montañes, José",1917,1956
"Montes Iturrioz, Gaspar",1901,1994
"Mora Cirujeda, Luis",1905,1951
"Moragas Botey, Salvador",1911,1944
"Morales Marín, Miguel",1897-1901,1897-1901
"Morales, Sofía",1917,1989
"Morata Petit, Eusebio",1904,1904
"Moré de la Torre, Francisco",1920,1920
"Moreira Ramírez, Gonzalo",1910-1912,1910-1912
"Moreno Sastre, Segundo",1901-1906,1901-1906
"Moreno, Eloy",1916,1951
"Mota y Morales, Vicente",1881-1906,1881-1906
"Moya Martí, Enric (or Enrique)",1892-1918,1892-1918
"Mucientes, Manuel",1887,1951
"Mundó, Ignasi (or Ignacio)",1918,1988
"Muñiz Mendoza, Marcial",1892,1941
"Muñoz Condado, Pedro",1903,1979
"Muñoz Díaz, Manuel",1887-1923,1887-1923
"Muñoz Melgosa, José María",1897,1934
"Muñoz Rubio, Ramón",1878-1910,1878-1910
"Muntadas de Caparà, Maria",1900,1926
"Nadal Horrach, Ramón",1913,1973
"Navarro Escuder, Pere (or Pedro)",1898,1898
"Navarro Romero, Vicente (or Vicenç, or Vicent)",1888,1976
"Nido Navas, Antonio",1884,1893
"Noguera Prat, Pilar",1892,1892
"Nuet Martí, Josep Maria (or José María)",1914,1944
"Núñez Carnicer, Ramón",1899,1944
"Núñez González, Constancio",1927,1927
"Núñez Miguez, José",1898,1930
"Oates Coris, Jaime",1912,1944
"Obiols Delgado, Gustau (or Gustavo)",1858,1902
"Ochoa Blanco, Gabriel",1877,1921
"Ocón Toribio, Adolfo",1863,1910
"Odena Daura, Isidre (or Isidro)",1910,1951
"Oliver Mauprivez, Amado",1896,1942
"Oliveras Guart, Angel",1900,1929
"Ortí Vitales, Marcelli (or Marcelino)",1911-1919,1911-1919
"Ortiz Birasel, José",1927,1927
"Ortiz Comellas, Nieves",1915,1965
"Osmundo Gómez, Gabriel",1890-1904,1890-1904
"Oteiza, Jorge de",1908,1990
"Pagès López, Enric (or Enrique)",1908,1944
"Palacio de Azaña, Fernando",1899-1904,1899-1904
"Palacio, José del",1902/1903,1927
"Palao Ortubia, Luis",1863,1904
"Palau Buxó, Joan (or Juan) de",1919,1986
"Palau Oller, Josep (or José)",1888,1960
"Palau, Josep (or José)",1932-1935,1932-1935
"Palencia Ubanell, Gabriel",1869,1901
"Palet Batiste, Joan (or Juan)",1911,1980
"Pallarès Torruella, Lluís (or Luis)",1914,1946
"Palmarola Romeu, Ramon",1877,1944
"Pardo Galindo, Victoriano",1918,1967
"Parra de Lanvin, Angeles",1905,1944
"Parra Piquer, José Felipe",1824,1864
"Pascual Bosom, Camilo",1903,1948
"Pascual Monturiol, Eduard (or Eduardo)",1882,1930
"Pascual Ribera, Alfredo (or Alfred)",1906,1948
"Pastor Barón, Jaime",1901-1942,1901-1942
"Pastor Valsero, Dionisio",1890-1892,1890-1892
"Paternina García-Cid, Enrique (or Enric)",1866,1910
"Pedragosa Torres, Joan (or Juan)",1897,1965
"Pelfort Planell, Joan (or Juan)",1915,1951
"Peña, Polonia de",1922,1922
"Pérez de Valluerca, Eusebio",1887-1892,1887-1892
"Pérez Lizano, Julio",1904,1951
"Pérez Martínez, Manuel",1895-1896,1895-1896
"Pérez Martínez, Tomás (or Thomas)",1911,1988
"Pérez Ripoll, Julio",1915,1950
"Pérez Vicente, Enrique",1907,1951
"Picó Ribera, Hernán",1911,1985
"Pico, José",1904,1970
"Picola Hernández, Gonzalo",1896,1944
"Pieltain Bartolí, Luis",1912,1912
"Pinazo de Fernández Longoria, Marisa",1912,1936
"Piquet Catulí, Josep  (or José)",1891-1904,1891-1904
"Pla y Bo, Salvador",1848,1878
"Planas Guasch, Fernando",1913,1944
"Plans Sola, Josep (or José)",1894,1944
"Polanco y Crespo, Victoriano",1880-1890,1880-1890
"Porset y Martínez, Emilio",1897-1901,1897-1901
"Potau Torre de Mer, Artur (or Arturo)",1886,1961
"Pou Bosch, María",1926-1929,1926-1929
"Pous Palau, Antoni (or Antonio)",1870,1946
"Poy Dalmau, Emilio",1876,1930
"Poy Dalmau, Manuel",1890-op.1908,1890-op.1908
"Pozo y la Orden, Julián",1876-1900,1876-1900
"Pradell Pujol, Damià (or Damián)",1896-1937,1896-1937
"Pratginestós de Bonaparte, Eduard (or Eduardo)",1899,1944
"Prevosti Casanova, Antoni (Or Antonio)",1879,1944
"Prieto Coussent, Benito",1907,1948
"Pueyo Matanza, José",1895-1912,1895-1912
"Pulido Fernández, Ramón (or Rémon)",1868,1919
"Querol Eloy, Jaume (or Jaime)",1890,1944
"Quesada, Augusto Manuel",1842-op.1881,1842-op.1881
"Quintana Montoto, Sócrates",1892,1970
"Ramírez, Antonio",1942,1942
"Ramos Artal, Manuel",1876-op.1910,1876-op.1910
"Rebarter Gasulla, Josep",1894-1911,1894-1911
"Regidor Gómez, Santiago",1865,1897
"Reinés, Antoni (or Antonio)",1847,1877
"Renom de Gárate, Miquel (or Miguel)",1912,1951
"Revuelta, Rafael",1913,1951
"Rey Padilla, Sebastián",1910,1950
"Reyes Barroso, Alonso",1912,1951
"Ribas Bertran, Marian (or Marià, or Mariano)",1902,1975
"Ribed y Andriani, Alberto",1897-1904,1897-1904
"Ribera Gómez, Francisco",1907,1974
"Ribot Deu, Josep (or José)",1916,1984
"Ricart Serra, Manuel",1913,1984
"Ridaura Casademont, Carles",1888,1944
"Riera Rojas, Roc (or Roque)",1913,1984
"Riera Sicart, Juan",1911,1944
"Rincón García, Carlos",1916,1957
"Riosca, Joaquín",1927,1927
"Ripoll Plana, Lluís (or Luis)",1912,1944
"Riu Baragnes, Pere (or Pedro)",1907,1944
"Robles Quintana, Angel",1885,1923
"Roca Carrasco, Joaquín",1897,1923
"Rocamora, Manuel",1892,1964
"Rocha Canals, Luis Eduardo de la",1887,1936
"Rocha y González, Eduardo de la",1892-1910,1892-1910
"Rodríguez Moya, Rafael",1892,1952
"Rodríguez Olavide, Genaro",1871,1878
"Rodríguez, José Julio",1916,1951
"Rodríguez, Santiago",1913,1951
"Roé Claramunt, Joan (or Juan)",1913,1988
"Roger y Alba, José",1887,1887
"Roig Estradé, Pau (or Pablo)",1914,1944
"Roiz, Pilar",1912,1951
"Romero Escasi, José",1914,1951
"Romero Jiménez, Rafael",1887-1895,1887-1895
"Romero Mateo, Angel",1870,1904
"Rosell Altimira, Antoni (or Antonio)",1906,1977
"Rovira Soler, Josep (or José)",1900,1980
"Rubio Jiménez, Mariano",1912-1922,1912-1922
"Rueda, Miguel",1912,1951
"Ruiz Martínez, Ezequiel (or Ecequiel)",1897-1901,1897-1901
"Ruiz Morales, Francisco",1910,1910
"Ruiz Morquecho, Valentín",1912,1954
"Rumoroso y Valdés, Enrique",1878-1895,1878-1895
"Sabater Vilar, Jesús",1907,1944
"Sabatés Andorrà, Salvador",1901,1946
"Saborit y Aroza, Enrique",1887-1897,1887-1897
"Sagnier Vidal, Manuel",1891,1953
"Sales Roviralta, Francesc (or Francisco)",1904,1976
"Salgado, Demetrio",1915,1989
"San Gil y Villanueva, Manuel",1876-doc.1891,1876-doc.1891
"Sánchez Campillo, José",1904,1951
"Sánchez de la Peña, Luis",1895-1904,1895-1904
"Sánchez Díaz, Leopoldo",1830,1881
"Sánchez Ramos, Manuel",1858-doc.1868,1858-doc.1868
"Sánchez, Enrique",1881,1951
"Sansón Martí, José",1910,1944
"Santa Cruz y Bustamante, Ramiro de",1878-1884,1878-1884
"Santa Cruz, Ricardo",1881-1883,1881-1883
"Santa María Nadal, Juan",1920,1920
"Santa Marina, José María",1889,1944
"Santafé Largacha, Antonio",1911,1971
"Santamaría Alvarez, Juan José",1910,1951
"Santana, Tomás",1896,1951
"Santaolaria Montoro, Vicente",1887,1936
"Santos Murillo, Eduardo",1913,1944
"Santos, Miguel de los",1871,1871
"Sanz y de Santos, Santos",1906-1915,1906-1915
"Sanz, Román",1829,1890
"Sarabia-Benítez Ruiz de Esquive, Rafael",1908,1943
"Saumells Panadès, Lluís Maria (or Luis María)",1915,1970
"Savall Romeu, Juan",1892,1944
"Sayol Sala, Tomàs",1908,1969
"Segura Elías, Ramón",1893,1951
"Segura Iglesias, Enrique",1906,1979
"Seix Miralta, Joan",1903,1932
"Sempere Sanchiz, Pascual",1941,1941
"Serra Güell, Eudald (or Eudaldo)",1911,1994
"Serrano Bossio, Pedro",1894,1894
"Servando, Antonio",1913,1951
"Setuain de la Torre, Andrés",1912,1912
"Sevilla y Sánchez, Nicasio",1862,1872
"Silvela Casado, Mateo",1863,1895
"Simonet Castro, Bernardo",1914,1974
"Sivilla Torres, Emili (or Emilio)",1866-doc.1891,1866-doc.1891
"Soler Forcada, Josep (or José)",1891-op.1910,1891-op.1910
"Soligó Tena, Josep (or José)",1918,1944
"Soria Santa Cruz, Enrique",1884-1892,1884-1892
"Soriano Fort, José",1897,1942
"Soto, Roberto",1879-1881,1879-1881
"Suárez Peregrín, José",1908,1941
"Subirats Samora, Josep",1914,1954
"Summers Bradley, Francisco",1890,1944
"Summers e Isern, Ricardo",1908,1977
"Surribes i Riera, Francesc (or Francisco)",1912,1944
"Surroca, Manuel",1917,1951
"Talarn Anglès, Pelegrí (or Pelegrín)",1892-1894,1892-1894
"Tamarit García, José",1896,1951
"Tapiola Gironella, Josep Maria",1919,1985
"Tàrrega Viladoms, Ricard (or Ricardo)",1904,1971
"Tataret Balasch, Josep (or José)",1888,1966
"Terencio Farré, José",1887,1922
"Tharrats, Joan Josep (or Juan José)",1918,1993
"Timón Ambrosio, Mariano",1905,1945
"Toledo Pérez, José Gregorio",1906,1964
"Toledo, Fernando de",1912,1936
"Tordesillas de Lara, Julián",1861,1912
"Torner Guerra, Alberto de",1886,1944
"Torre Isunza, Pedro de",1892,1951
"Torrent Riu, Ramón",1910,1944
"Torres Clavero, Antonio",1948,1948
"Torres González, Antonio",1910,1951
"Tortosa, Francisco",1879/1880,1950
"Triadó Nolla, Alberto",1910,1944
"Tubilla, Julio",1899,1899
"Tusell Graner, Salvador",1894,1894
"Uranga, Santiago",1913,1962
"Uribe Aguirre, Guillermo",1914,1951
"Uruñuela, Jesús",1898,1951
"Valdecara y González, Germán",1849,1887
"Valero Arbiol, Carles (or Carlos)",1889,1950
"Vallcorba y Mexía, Cayetano",1883-doc.1929,1883-doc.1929
"Vallespín y Aivar, José",1858,1858
"Vallmitjana Garrido, August (or Augusto)",1894,1951
"Vargas Ruiz, Guillermo",1910,1986
"Vázquez Aggerholm, Rafael",1911,1951
"Velázquez Espino, Carlos",1919,1951
"Veloso Molina, Ignacio",1898,1915
"Verdes Montenegro, Elena",1924-1930,1924-1930
"Vial Hugas, Eduard (or Eduardo)",1910,1952
"Viaplana Casamala, Santiago",1866-1867,1866-1867
"Vico Hernández, Miguel",1850,1923
"Vidal Abascal, Enrique",1908,1951
"Vidal Galicia, Francesc (or Francisco) (pseud.).",1894,1944
"Vidal Riera, Mateo",1902,1976
"Vidal y Compairé, Florencio",1906-1930,1906-1930
"Vidal, José",1896,1951
"Vidal, Juan",1876,1881
"Vidal-Quadras Veiga, Aleix",1919,1951
"Vila Cañellas, José María (or Josep Maria)",1914,1988
"Vila García, César",1910,1950
"Vilardebó Cirach, Guifré (or Wifredo)",1912,1970
"Vilatobà Ros, Màrius (or Mario)",1907,1944
"Villà Bassols, Guillem (or Guillermo)",1917,1964
"Villa, Federico",1901,1951
"Villalobos Díaz, Miguel",1873,1922
"Villamil Marraci, Bernardo",1878-1884,1878-1884
"Villanua Hervas, José",1908,1951
"Villar, Cesáreo",1910-doc.1928,1910-doc.1928
"Villoro Agell, Joan (or Juan)",1915,1944
"Vives, Màrius (or Mario)",1893,1955
"Woevodsky, Nicolau (or Nicolás) de",1888,1944
"Yanguas y Ortíz, Eugenio",1850,1897
"Ylla Bach, Bernat Calvó",1916,1981
"Zamorano, Angel",1884,1884
"Zaragoza de Navas, Rómulo",1894,1947
"Ziegler, Alberto (or Albert)",1898,1939
